Out-Of-This-World Heart,https://i.imgur.com/e8x3pMI.jpg,,,necklace,women,
Shooting Star,https://i.imgur.com/EDQGcUQ.jpg,,,necklace,women,
Elemental Rose,https://i.imgur.com/7dzvwge.jpg,,,necklace,women,
Total Recall,https://i.imgur.com/isYU2CA.jpg,,,earrings,women,
Interstellar Sparkle,https://i.imgur.com/16QJsA8.jpg,,,necklace,women,
Deimos Fury,https://i.imgur.com/xeIQPve.jpg,,,necklace,women,
Shooting Star,https://i.imgur.com/raborD0.jpg,,,earrings,women,
Celestial Light,https://i.imgur.com/bxgUjN7.jpg,,,earrings,women,
Zathura,https://i.imgur.com/LVt27mz.jpg,,,bracelet,women,
Space Jam,https://i.imgur.com/BzutjV4.jpg,,,cufflinks,men,
Sol Ascending,https://i.imgur.com/hmqsgAc.jpg,,,necklace,women,
Shooting Star,https://i.imgur.com/b8ZKoFb.jpg,,,bracelet,women,
Space Adventure,https://i.imgur.com/jXK0ul5.jpg,,,earrings,women,
Gattaca,https://i.imgur.com/dqTmzdZ.png,,,cufflinks,men,
Neptune Accent,https://i.imgur.com/TYISVuh.jpg,,,earrings,women,
Sunflare,https://i.imgur.com/UcECphU.jpg,,,earrings,women,
Polaris Rose,https://i.imgur.com/61bXd8n.jpg,,,necklace,women,
Celestial Cluster,https://i.imgur.com/LoiCvUi.jpg,,,necklace,women,
Space Bling,https://i.imgur.com/3nbi8aR.jpg,,,cufflinks,men,
Laika Dog Tag,https://i.imgur.com/J9cbKVQ.jpg,,,pendant,men,
Galaxy Knots,https://i.imgur.com/uooF06y.jpg,,,bracelet,men,
The Force Awakens,https://i.imgur.com/G81kifT.jpg,,,ring,men,
Intergalactic Rose,https://i.imgur.com/xcOWNYc.jpg,,,ring,engagement,
Shooting Star,https://i.imgur.com/qnCscUY.jpg,,,ring,engagement,
Classy Martian,https://i.imgur.com/mGlIFMa.jpg,,,ring,women,
Armageddon,https://i.imgur.com/IUxr4OV.jpg,,,ring,engagement,
Eternal Love,https://i.imgur.com/54bPuBi.jpg,,,ring,engagement,
Supernova Heart,https://i.imgur.com/omPy2Mg.jpg,,,ring,engagement,
Neptune Accent,https://i.imgur.com/r9PM5FW.jpg,,,ring,engagement,
Luna,https://i.imgur.com/AaQQV07.jpg,,,ring,engagement,
Venusian Mist,https://i.imgur.com/Wi7vpBY.jpg,,,ring,engagement,
Sol Ascending,https://i.imgur.com/Wj7w6ED.jpg,,,ring,engagement,
Borg Cube,https://i.imgur.com/fjUI62x.jpg,,,cufflinks,men,
Manacles of Heaven,https://i.imgur.com/fcKqf8F.jpg,,,bracelet,men,
Space Odyssey,https://i.imgur.com/1rPI6HD.jpg,,,ring,men,
